FMTNAME,START,END,LABEL,MIN,MAX,DEFAULT,LENGTH,FUZZ,PREFIX,MULT,FILL,NOEDIT,TYPE,SEXCL,EEXCL,HLO,DECSEP,DIG3SEP,DATATYPE,LANGUAGE
AGER,15,15,15 YEARS,1,40,8,8,1E-12,,0,,0,N,N,N,,,,,
AGER,16,16,16 YEARS,1,40,8,8,1E-12,,0,,0,N,N,N,,,,,
AGER,17,17,17 YEARS,1,40,8,8,1E-12,,0,,0,N,N,N,,,,,
AGER,18,18,18 YEARS,1,40,8,8,1E-12,,0,,0,N,N,N,,,,,
AGER,19,19,19 YEARS,1,40,8,8,1E-12,,0,,0,N,N,N,,,,,
AGER,20,20,20 YEARS,1,40,8,8,1E-12,,0,,0,N,N,N,,,,,
AGER,21,21,21 YEARS,1,40,8,8,1E-12,,0,,0,N,N,N,,,,,
AGER,22,22,22 YEARS,1,40,8,8,1E-12,,0,,0,N,N,N,,,,,
AGER,23,23,23 YEARS,1,40,8,8,1E-12,,0,,0,N,N,N,,,,,
AGER,24,24,24 YEARS,1,40,8,8,1E-12,,0,,0,N,N,N,,,,,
AGER,25,25,25 YEARS,1,40,8,8,1E-12,,0,,0,N,N,N,,,,,
AGER,26,26,26 YEARS,1,40,8,8,1E-12,,0,,0,N,N,N,,,,,
AGER,27,27,27 YEARS,1,40,8,8,1E-12,,0,,0,N,N,N,,,,,
AGER,28,28,28 YEARS,1,40,8,8,1E-12,,0,,0,N,N,N,,,,,
AGER,29,29,29 YEARS,1,40,8,8,1E-12,,0,,0,N,N,N,,,,,
AGER,30,30,30 YEARS,1,40,8,8,1E-12,,0,,0,N,N,N,,,,,
AGER,31,31,31 YEARS,1,40,8,8,1E-12,,0,,0,N,N,N,,,,,
AGER,32,32,32 YEARS,1,40,8,8,1E-12,,0,,0,N,N,N,,,,,
AGER,33,33,33 YEARS,1,40,8,8,1E-12,,0,,0,N,N,N,,,,,
AGER,34,34,34 YEARS,1,40,8,8,1E-12,,0,,0,N,N,N,,,,,
AGER,35,35,35 YEARS,1,40,8,8,1E-12,,0,,0,N,N,N,,,,,
AGER,36,36,36 YEARS,1,40,8,8,1E-12,,0,,0,N,N,N,,,,,
AGER,37,37,37 YEARS,1,40,8,8,1E-12,,0,,0,N,N,N,,,,,
AGER,38,38,38 YEARS,1,40,8,8,1E-12,,0,,0,N,N,N,,,,,
AGER,39,39,39 YEARS,1,40,8,8,1E-12,,0,,0,N,N,N,,,,,
AGER,40,40,40 YEARS,1,40,8,8,1E-12,,0,,0,N,N,N,,,,,
AGER,41,41,41 YEARS,1,40,8,8,1E-12,,0,,0,N,N,N,,,,,
AGER,42,42,42 YEARS,1,40,8,8,1E-12,,0,,0,N,N,N,,,,,
AGER,43,43,43 YEARS,1,40,8,8,1E-12,,0,,0,N,N,N,,,,,
AGER,44,44,44 YEARS,1,40,8,8,1E-12,,0,,0,N,N,N,,,,,
AGER,45,45,45 YEARS,1,40,8,8,1E-12,,0,,0,N,N,N,,,,,
AGER,46,46,46 YEARS,1,40,8,8,1E-12,,0,,0,N,N,N,,,,,
AGER,47,47,47 YEARS,1,40,8,8,1E-12,,0,,0,N,N,N,,,,,
AGER,48,48,48 YEARS,1,40,8,8,1E-12,,0,,0,N,N,N,,,,,
AGESCRN,15,15,15 years,1,40,15,15,1E-12,,0,,0,N,N,N,,,,,
AGESCRN,16,16,16 years,1,40,15,15,1E-12,,0,,0,N,N,N,,,,,
AGESCRN,17,17,17 years,1,40,15,15,1E-12,,0,,0,N,N,N,,,,,
AGESCRN,18,18,18 years,1,40,15,15,1E-12,,0,,0,N,N,N,,,,,
AGESCRN,19,19,19 years,1,40,15,15,1E-12,,0,,0,N,N,N,,,,,
AGESCRN,20,20,20 years,1,40,15,15,1E-12,,0,,0,N,N,N,,,,,
AGESCRN,21,21,21 years,1,40,15,15,1E-12,,0,,0,N,N,N,,,,,
AGESCRN,22,22,22 years,1,40,15,15,1E-12,,0,,0,N,N,N,,,,,
AGESCRN,23,23,23 years,1,40,15,15,1E-12,,0,,0,N,N,N,,,,,
AGESCRN,24,24,24 years,1,40,15,15,1E-12,,0,,0,N,N,N,,,,,
AGESCRN,25,25,25 years,1,40,15,15,1E-12,,0,,0,N,N,N,,,,,
AGESCRN,26,26,26 years,1,40,15,15,1E-12,,0,,0,N,N,N,,,,,
AGESCRN,27,27,27 years,1,40,15,15,1E-12,,0,,0,N,N,N,,,,,
AGESCRN,28,28,28 years,1,40,15,15,1E-12,,0,,0,N,N,N,,,,,
AGESCRN,29,29,29 years,1,40,15,15,1E-12,,0,,0,N,N,N,,,,,
AGESCRN,30,30,30 years,1,40,15,15,1E-12,,0,,0,N,N,N,,,,,
AGESCRN,31,31,31 years,1,40,15,15,1E-12,,0,,0,N,N,N,,,,,
AGESCRN,32,32,32 years,1,40,15,15,1E-12,,0,,0,N,N,N,,,,,
AGESCRN,33,33,33 years,1,40,15,15,1E-12,,0,,0,N,N,N,,,,,
AGESCRN,34,34,34 years,1,40,15,15,1E-12,,0,,0,N,N,N,,,,,
AGESCRN,35,35,35 years,1,40,15,15,1E-12,,0,,0,N,N,N,,,,,
AGESCRN,36,36,36 years,1,40,15,15,1E-12,,0,,0,N,N,N,,,,,
AGESCRN,37,37,37 years,1,40,15,15,1E-12,,0,,0,N,N,N,,,,,
AGESCRN,38,38,38 years,1,40,15,15,1E-12,,0,,0,N,N,N,,,,,
AGESCRN,39,39,39 years,1,40,15,15,1E-12,,0,,0,N,N,N,,,,,
AGESCRN,40,40,40 years,1,40,15,15,1E-12,,0,,0,N,N,N,,,,,
AGESCRN,41,41,41 years,1,40,15,15,1E-12,,0,,0,N,N,N,,,,,
AGESCRN,42,42,42 years,1,40,15,15,1E-12,,0,,0,N,N,N,,,,,
AGESCRN,43,43,43 years,1,40,15,15,1E-12,,0,,0,N,N,N,,,,,
AGESCRN,44,44,44 years,1,40,15,15,1E-12,,0,,0,N,N,N,,,,,
AGESCRN,45,45,45 years,1,40,15,15,1E-12,,0,,0,N,N,N,,,,,
AGESCRN,46,46,46 years,1,40,15,15,1E-12,,0,,0,N,N,N,,,,,
AGESCRN,47,47,47 years,1,40,15,15,1E-12,,0,,0,N,N,N,,,,,
AGESCRN,48,48,48 years,1,40,15,15,1E-12,,0,,0,N,N,N,,,,,
AGESCRN,49,49,49 years,1,40,15,15,1E-12,,0,,0,N,N,N,,,,,
AGESCRN,97,97,Not ascertained,1,40,15,15,1E-12,,0,,0,N,N,N,,,,,
BFEEDWKS,0,0,Never breastfed this child,1,40,36,36,1E-12,,0,,0,N,N,N,,,,,
BFEEDWKS,1,1,Breastfed less than 1 week,1,40,36,36,1E-12,,0,,0,N,N,N,,,,,
BFEEDWKS,2,2,Breastfed 1-13 weeks (LE 3 mos),1,40,36,36,1E-12,,0,,0,N,N,N,,,,,
BFEEDWKS,3,3,Breastfed 14-26 weeks (>3/LE 6 mos),1,40,36,36,1E-12,,0,,0,N,N,N,,,,,
BFEEDWKS,4,4,Breastfed 27-52 weeks (>6/LE 12 mos),1,40,36,36,1E-12,,0,,0,N,N,N,,,,,
BFEEDWKS,5,5,Breastfed 53-104 weeks (>1/LE 2 yrs),1,40,36,36,1E-12,,0,,0,N,N,N,,,,,
BFEEDWKS,6,6,Breastfed 105+ weeks (>2 yrs),1,40,36,36,1E-12,,0,,0,N,N,N,,,,,
BFEEDWKS,7,7,Still breastfeeding this child,1,40,36,36,1E-12,,0,,0,N,N,N,,,,,
BIRTHORD,1,1,1ST BIRTH,1,40,10,10,1E-12,,0,,0,N,N,N,,,,,
BIRTHORD,2,2,2ND BIRTH,1,40,10,10,1E-12,,0,,0,N,N,N,,,,,
BIRTHORD,3,3,3RD BIRTH,1,40,10,10,1E-12,,0,,0,N,N,N,,,,,
BIRTHORD,4,4,4TH BIRTH,1,40,10,10,1E-12,,0,,0,N,N,N,,,,,
BIRTHORD,5,5,5TH BIRTH,1,40,10,10,1E-12,,0,,0,N,N,N,,,,,
BIRTHORD,6,6,6TH BIRTH,1,40,10,10,1E-12,,0,,0,N,N,N,,,,,
BIRTHORD,7,7,7TH BIRTH,1,40,10,10,1E-12,,0,,0,N,N,N,,,,,
BIRTHORD,8,8,8TH BIRTH,1,40,10,10,1E-12,,0,,0,N,N,N,,,,,
BIRTHORD,9,9,9TH BIRTH,1,40,10,10,1E-12,,0,,0,N,N,N,,,,,
BIRTHORD,10,10,10TH BIRTH,1,40,10,10,1E-12,,0,,0,N,N,N,,,,,
BIRTHORD,11,11,11TH BIRTH,1,40,10,10,1E-12,,0,,0,N,N,N,,,,,
BIRTHORD,12,12,12TH BIRTH,1,40,10,10,1E-12,,0,,0,N,N,N,,,,,
BIRTHORD,13,13,13TH BIRTH,1,40,10,10,1E-12,,0,,0,N,N,N,,,,,
BIRTHORD,14,14,14TH BIRTH,1,40,10,10,1E-12,,0,,0,N,N,N,,,,,
CMFMT,9997,9997,Not ascertained,1,40,15,15,1E-12,,0,,0,N,N,N,,,,,
CMFMT,9998,9998,Refused,1,40,15,15,1E-12,,0,,0,N,N,N,,,,,
CMFMT,9999,9999,Don't know,1,40,15,15,1E-12,,0,,0,N,N,N,,,,,
CMJAN3YRF,1345,1345,January 2012,1,40,12,12,1E-12,,0,,0,N,N,N,,,,,
CMJAN3YRF,1357,1357,January 2013,1,40,12,12,1E-12,,0,,0,N,N,N,,,,,
CMJAN3YRF,1369,1369,January 2014,1,40,12,12,1E-12,,0,,0,N,N,N,,,,,
CMJAN3YRF,1381,1381,January 2015,1,40,12,12,1E-12,,0,,0,N,N,N,,,,,
CMJAN3YRF,1393,1393,January 2016,1,40,12,12,1E-12,,0,,0,N,N,N,,,,,
CMJAN4YRF,1333,1333,January 2011,1,40,12,12,1E-12,,0,,0,N,N,N,,,,,
CMJAN4YRF,1345,1345,January 2012,1,40,12,12,1E-12,,0,,0,N,N,N,,,,,
CMJAN4YRF,1357,1357,January 2013,1,40,12,12,1E-12,,0,,0,N,N,N,,,,,
CMJAN4YRF,1369,1369,January 2014,1,40,12,12,1E-12,,0,,0,N,N,N,,,,,
CMJAN4YRF,1381,1381,January 2015,1,40,12,12,1E-12,,0,,0,N,N,N,,,,,
CMJAN5YRF,1321,1321,January 2010,1,40,12,12,1E-12,,0,,0,N,N,N,,,,,
CMJAN5YRF,1333,1333,January 2011,1,40,12,12,1E-12,,0,,0,N,N,N,,,,,
CMJAN5YRF,1345,1345,January 2012,1,40,12,12,1E-12,,0,,0,N,N,N,,,,,
CMJAN5YRF,1357,1357,January 2013,1,40,12,12,1E-12,,0,,0,N,N,N,,,,,
CMJAN5YRF,1369,1369,January 2014,1,40,12,12,1E-12,,0,,0,N,N,N,,,,,
CORINCF,1,1,Correct,1,40,10,10,1E-12,,0,,0,N,N,N,,,,,
CORINCF,2,2,Incorrect,1,40,10,10,1E-12,,0,,0,N,N,N,,,,,
CORINCF,8,8,Refused,1,40,10,10,1E-12,,0,,0,N,N,N,,,,,
CORINCF,9,9,Don't know,1,40,10,10,1E-12,,0,,0,N,N,N,,,,,
CSECMEDF,1,1,Labor was taking too long,1,58,58,58,1E-12,,0,,0,N,N,N,,,,,
CSECMEDF,2,2,Maternity care provider concerned that baby was too big,1,58,58,58,1E-12,,0,,0,N,N,N,,,,,
CSECMEDF,3,3,"Baby was in the wrong position (e.g, breech)",1,58,58,58,1E-12,,0,,0,N,N,N,,,,,
CSECMEDF,4,4,Maternity care provider concerned about your health,1,58,58,58,1E-12,,0,,0,N,N,N,,,,,
CSECMEDF,5,5,Maternity care provider concerned about your baby's health,1,58,58,58,1E-12,,0,,0,N,N,N,,,,,
CSECMEDF,6,6,Some other medical reason,1,58,58,58,1E-12,,0,,0,N,N,N,,,,,
CSECMEDF,7,7,There was no medical reason,1,58,58,58,1E-12,,0,,0,N,N,N,,,,,
CSECMEDF,8,8,Refused,1,58,58,58,1E-12,,0,,0,N,N,N,,,,,
CSECMEDF,9,9,Don't know,1,58,58,58,1E-12,,0,,0,N,N,N,,,,,
CURR_INS,1,1,Currently covered by private health insurance or Medi-Gap,1,128,128,128,1E-12,,0,,0,N,N,N,,,,,
CURR_INS,2,2,"Currently covered by Medicaid, CHIP, or a state-sponsored health plan",1,128,128,128,1E-12,,0,,0,N,N,N,,,,,
CURR_INS,3,3,"Currently covered by Medicare, military health care, or other government health care",1,128,128,128,1E-12,,0,,0,N,N,N,,,,,
CURR_INS,4,4,"Currently covered only by a single-service plan, only by the Indian Health Service, or currently not covered by health insurance",1,128,128,128,1E-12,,0,,0,N,N,N,,,,,
EDUCAT,9,9,9TH GRADE OR LESS,1,40,31,31,1E-12,,0,,0,N,N,N,,,,,
EDUCAT,10,10,10TH GRADE,1,40,31,31,1E-12,,0,,0,N,N,N,,,,,
EDUCAT,11,11,11TH GRADE,1,40,31,31,1E-12,,0,,0,N,N,N,,,,,
EDUCAT,12,12,12TH GRADE,1,40,31,31,1E-12,,0,,0,N,N,N,,,,,
EDUCAT,13,13,1 YEAR OF COLLEGE/GRAD SCHOOL,1,40,31,31,1E-12,,0,,0,N,N,N,,,,,
EDUCAT,14,14,2 YEARS OF COLLEGE/GRAD SCHOOL,1,40,31,31,1E-12,,0,,0,N,N,N,,,,,
EDUCAT,15,15,3 YEARS OF COLLEGE/GRAD SCHOOL,1,40,31,31,1E-12,,0,,0,N,N,N,,,,,
EDUCAT,16,16,4 YEARS OF COLLEGE/GRAD SCHOOL,1,40,31,31,1E-12,,0,,0,N,N,N,,,,,
EDUCAT,17,17,5 YEARS OF COLLEGE/GRAD SCHOOL,1,40,31,31,1E-12,,0,,0,N,N,N,,,,,
EDUCAT,18,18,6 YEARS OF COLLEGE/GRAD SCHOOL,1,40,31,31,1E-12,,0,,0,N,N,N,,,,,
EDUCAT,19,19,7+ YEARS OF COLLEGE/GRAD SCHOOL,1,40,31,31,1E-12,,0,,0,N,N,N,,,,,
FATHAGEC,1,1,Under 20 years,1,40,17,17,1E-12,,0,,0,N,N,N,,,,,
FATHAGEC,2,2,20-24 years,1,40,17,17,1E-12,,0,,0,N,N,N,,,,,
FATHAGEC,3,3,25-29 years,1,40,17,17,1E-12,,0,,0,N,N,N,,,,,
FATHAGEC,4,4,30-34 years,1,40,17,17,1E-12,,0,,0,N,N,N,,,,,
FATHAGEC,5,5,35-39 years,1,40,17,17,1E-12,,0,,0,N,N,N,,,,,
FATHAGEC,6,6,40 years or older,1,40,17,17,1E-12,,0,,0,N,N,N,,,,,
FATHAGEC,98,98,Refused,1,40,17,17,1E-12,,0,,0,N,N,N,,,,,
FATHAGEC,99,99,Don't know,1,40,17,17,1E-12,,0,,0,N,N,N,,,,,
FEELINGF,0,0,VERY UNHAPPY,1,40,12,12,1E-12,,0,,0,N,N,N,,,,,
FEELINGF,1,1,1,1,40,12,12,1E-12,,0,,0,N,N,N,,,,,
FEELINGF,2,2,2,1,40,12,12,1E-12,,0,,0,N,N,N,,,,,
FEELINGF,3,3,3,1,40,12,12,1E-12,,0,,0,N,N,N,,,,,
FEELINGF,4,4,4,1,40,12,12,1E-12,,0,,0,N,N,N,,,,,
FEELINGF,5,5,5,1,40,12,12,1E-12,,0,,0,N,N,N,,,,,
FEELINGF,6,6,6,1,40,12,12,1E-12,,0,,0,N,N,N,,,,,
FEELINGF,7,7,7,1,40,12,12,1E-12,,0,,0,N,N,N,,,,,
FEELINGF,8,8,8,1,40,12,12,1E-12,,0,,0,N,N,N,,,,,
FEELINGF,9,9,9,1,40,12,12,1E-12,,0,,0,N,N,N,,,,,
FEELINGF,10,10,VERY HAPPY,1,40,12,12,1E-12,,0,,0,N,N,N,,,,,
FEELINGF,98,98,REFUSED,1,40,12,12,1E-12,,0,,0,N,N,N,,,,,
FEELINGF,99,99,DON'T KNOW,1,40,12,12,1E-12,,0,,0,N,N,N,,,,,
FIRSMETHF,1,1,No method used,1,105,105,105,1E-12,,0,,0,N,N,N,,,,,
FIRSMETHF,3,3,Birth control pills,1,105,105,105,1E-12,,0,,0,N,N,N,,,,,
FIRSMETHF,4,4,Condom,1,105,105,105,1E-12,,0,,0,N,N,N,,,,,
FIRSMETHF,5,5,Partner's vasectomy,1,105,105,105,1E-12,,0,,0,N,N,N,,,,,
FIRSMETHF,6,6,"Female sterilizing operation, such as tubal sterilization and hysterectomy",1,105,105,105,1E-12,,0,,0,N,N,N,,,,,
FIRSMETHF,7,7,"Withdrawal, pulling out",1,105,105,105,1E-12,,0,,0,N,N,N,,,,,
FIRSMETHF,8,8,"Depo-Provera, injectables",1,105,105,105,1E-12,,0,,0,N,N,N,,,,,
FIRSMETHF,9,9,"Hormonal implant (Norplant, Implanon, or Nexplanon)",1,105,105,105,1E-12,,0,,0,N,N,N,,,,,
FIRSMETHF,10,10,"Calendar rhythm, Standard Days, or Cycle Beads method",1,105,105,105,1E-12,,0,,0,N,N,N,,,,,
FIRSMETHF,11,11,"Safe period by temperature or cervical mucus test (Two Day, Billings Ovulation, or Sympto-thermal Method)",1,105,105,105,1E-12,,0,,0,N,N,N,,,,,
FIRSMETHF,12,12,Diaphragm,1,105,105,105,1E-12,,0,,0,N,N,N,,,,,
FIRSMETHF,13,13,"Female condom, vaginal pouch",1,105,105,105,1E-12,,0,,0,N,N,N,,,,,
FIRSMETHF,14,14,Foam,1,105,105,105,1E-12,,0,,0,N,N,N,,,,,
FIRSMETHF,15,15,Jelly or cream,1,105,105,105,1E-12,,0,,0,N,N,N,,,,,
FIRSMETHF,16,16,Cervical cap,1,105,105,105,1E-12,,0,,0,N,N,N,,,,,
FIRSMETHF,17,17,"Suppository, insert",1,105,105,105,1E-12,,0,,0,N,N,N,,,,,
FIRSMETHF,18,18,Today sponge,1,105,105,105,1E-12,,0,,0,N,N,N,,,,,
FIRSMETHF,19,19,IUD,1,105,105,105,1E-12,,0,,0,N,N,N,,,,,
FIRSMETHF,20,20,Emergency contraception,1,105,105,105,1E-12,,0,,0,N,N,N,,,,,
FIRSMETHF,21,21,Other method -- specify,1,105,105,105,1E-12,,0,,0,N,N,N,,,,,
FIRSMETHF,22,22,Respondent was sterile,1,105,105,105,1E-12,,0,,0,N,N,N,,,,,
FIRSMETHF,23,23,Respondent's partner was sterile,1,105,105,105,1E-12,,0,,0,N,N,N,,,,,
FIRSMETHF,24,24,Lunelle injectable (monthly shot),1,105,105,105,1E-12,,0,,0,N,N,N,,,,,
FIRSMETHF,25,25,Contraceptive patch (Ortho-Evra or Xulane),1,105,105,105,1E-12,,0,,0,N,N,N,,,,,
FIRSMETHF,26,26,Vaginal contraceptive ring,1,105,105,105,1E-12,,0,,0,N,N,N,,,,,
FIRSMETHF,98,98,Refused,1,105,105,105,1E-12,,0,,0,N,N,N,,,,,
FIRSMETHF,99,99,Don't know,1,105,105,105,1E-12,,0,,0,N,N,N,,,,,
FMARITAL,1,1,MARRIED TO A PERSON OF THE OPPOSITE SEX,1,40,39,39,1E-12,,0,,0,N,N,N,,,,,
FMARITAL,2,2,WIDOWED,1,40,39,39,1E-12,,0,,0,N,N,N,,,,,
FMARITAL,3,3,DIVORCED OR ANNULLED,1,40,39,39,1E-12,,0,,0,N,N,N,,,,,
FMARITAL,4,4,SEPARATED,1,40,39,39,1E-12,,0,,0,N,N,N,,,,,
FMARITAL,5,5,NEVER MARRIED,1,40,39,39,1E-12,,0,,0,N,N,N,,,,,
FRSTEATDF,0,0,LESS THAN 1 MONTH,1,40,17,17,1E-12,,0,,0,N,N,N,,,,,
FRSTEATDF,1,1,1 MONTH,1,40,17,17,1E-12,,0,,0,N,N,N,,,,,
FRSTEATDF,2,2,2 MONTHS,1,40,17,17,1E-12,,0,,0,N,N,N,,,,,
FRSTEATDF,3,3,3 MONTHS,1,40,17,17,1E-12,,0,,0,N,N,N,,,,,
FRSTEATDF,4,4,4 MONTHS,1,40,17,17,1E-12,,0,,0,N,N,N,,,,,
FRSTEATDF,5,5,5 MONTHS,1,40,17,17,1E-12,,0,,0,N,N,N,,,,,
FRSTEATDF,6,6,6 MONTHS,1,40,17,17,1E-12,,0,,0,N,N,N,,,,,
FRSTEATDF,98,98,Refused,1,40,17,17,1E-12,,0,,0,N,N,N,,,,,
FRSTEATDF,99,99,Don't know,1,40,17,17,1E-12,,0,,0,N,N,N,,,,,
FRSTEATD_NF,998,998,Refused,1,40,10,10,1E-12,,0,,0,N,N,N,,,,,
FRSTEATD_NF,999,999,Don't know,1,40,10,10,1E-12,,0,,0,N,N,N,,,,,
FRSTEATD_PF,1,1,Months,1,40,10,10,1E-12,,0,,0,N,N,N,,,,,
FRSTEATD_PF,2,2,Weeks,1,40,10,10,1E-12,,0,,0,N,N,N,,,,,
FRSTEATD_PF,3,3,Days,1,40,10,10,1E-12,,0,,0,N,N,N,,,,,
FRSTEATD_PF,8,8,Refused,1,40,10,10,1E-12,,0,,0,N,N,N,,,,,
FRSTEATD_PF,9,9,Don't know,1,40,10,10,1E-12,,0,,0,N,N,N,,,,,
GESTLB,1,1,EARLY PRETERM (< 34 WEEKS),1,40,26,26,1E-12,,0,,0,N,N,N,,,,,
GESTLB,2,2,PRETERM (34-36 WEEKS),1,40,26,26,1E-12,,0,,0,N,N,N,,,,,
GESTLB,3,3,TERM (37-40 WEEKS),1,40,26,26,1E-12,,0,,0,N,N,N,,,,,
GESTLB,4,4,POST-TERM (> 40 WEEKS),1,40,26,26,1E-12,,0,,0,N,N,N,,,,,
GESTOTHR,1,1,1ST TRIMESTER (0-13 WEEKS),1,40,27,27,1E-12,,0,,0,N,N,N,,,,,
GESTOTHR,2,2,2ND TRIMESTER (14-26 WEEKS),1,40,27,27,1E-12,,0,,0,N,N,N,,,,,
GESTOTHR,3,3,3RD TRIMESTER (> 26 WEEKS),1,40,27,27,1E-12,,0,,0,N,N,N,,,,,
HIEDUC,5,5,9TH GRADE OR LESS,1,40,38,38,1E-12,,0,,0,N,N,N,,,,,
HIEDUC,6,6,10TH GRADE,1,40,38,38,1E-12,,0,,0,N,N,N,,,,,
HIEDUC,7,7,11TH GRADE,1,40,38,38,1E-12,,0,,0,N,N,N,,,,,
HIEDUC,8,8,"12TH GRADE, NO DIPLOMA (NOR GED)",1,40,38,38,1E-12,,0,,0,N,N,N,,,,,
HIEDUC,9,9,HIGH SCHOOL GRADUATE (DIPLOMA OR GED),1,40,38,38,1E-12,,0,,0,N,N,N,,,,,
HIEDUC,10,10,SOME COLLEGE BUT NO DEGREE,1,40,38,38,1E-12,,0,,0,N,N,N,,,,,
HIEDUC,11,11,ASSOCIATE DEGREE IN COLLEGE/UNIVERSITY,1,40,38,38,1E-12,,0,,0,N,N,N,,,,,
HIEDUC,12,12,BACHELOR'S DEGREE,1,40,38,38,1E-12,,0,,0,N,N,N,,,,,
HIEDUC,13,13,MASTER'S DEGREE,1,40,38,38,1E-12,,0,,0,N,N,N,,,,,
HIEDUC,14,14,DOCTORATE DEGREE,1,40,38,38,1E-12,,0,,0,N,N,N,,,,,
HIEDUC,15,15,PROFESSIONAL DEGREE,1,40,38,38,1E-12,,0,,0,N,N,N,,,,,
HISPANIC,1,1,HISPANIC,1,40,12,12,1E-12,,0,,0,N,N,N,,,,,
HISPANIC,2,2,NON-HISPANIC,1,40,12,12,1E-12,,0,,0,N,N,N,,,,,
HISPRACE2F,1,1,Hispanic,1,40,35,35,1E-12,,0,,0,N,N,N,,,,,
HISPRACE2F,2,2,"Non-Hispanic White, Single Race",1,40,35,35,1E-12,,0,,0,N,N,N,,,,,
HISPRACE2F,3,3,"Non-Hispanic Black, Single Race",1,40,35,35,1E-12,,0,,0,N,N,N,,,,,
HISPRACE2F,4,4,Non-Hispanic Other or Multiple Race,1,40,35,35,1E-12,,0,,0,N,N,N,,,,,
IMPFLG,0,0,QUESTIONNAIRE DATA (NOT IMPUTED),1,40,32,32,1E-12,,0,,0,N,N,N,,,,,
IMPFLG,1,1,MULTIPLE REGRESSION IMPUTATION,1,40,32,32,1E-12,,0,,0,N,N,N,,,,,
IMPFLG,2,2,LOGICAL IMPUTATION,1,40,32,32,1E-12,,0,,0,N,N,N,,,,,
KIDAGEC,0,0,Less than 1 year,1,40,17,17,1E-12,,0,,0,N,N,N,,,,,
KIDAGEC,1,1,1 year old,1,40,17,17,1E-12,,0,,0,N,N,N,,,,,
KIDAGEC,2,2,2 years old,1,40,17,17,1E-12,,0,,0,N,N,N,,,,,
KIDAGEC,3,3,3 years old,1,40,17,17,1E-12,,0,,0,N,N,N,,,,,
KIDAGEC,4,4,4 years old,1,40,17,17,1E-12,,0,,0,N,N,N,,,,,
KIDAGEC,5,5,5 years old,1,40,17,17,1E-12,,0,,0,N,N,N,,,,,
KIDAGEC,6,6,6-11 years old,1,40,17,17,1E-12,,0,,0,N,N,N,,,,,
KIDAGEC,7,7,12-17 years old,1,40,17,17,1E-12,,0,,0,N,N,N,,,,,
KIDAGEC,8,8,18 years or older,1,40,17,17,1E-12,,0,,0,N,N,N,,,,,
LABORFOR,1,1,WORKING FULL-TIME,1,40,33,33,1E-12,,0,,0,N,N,N,,,,,
LABORFOR,2,2,WORKING PART-TIME,1,40,33,33,1E-12,,0,,0,N,N,N,,,,,
LABORFOR,3,3,WORKING-TEMP ILL/ETC,1,40,33,33,1E-12,,0,,0,N,N,N,,,,,
LABORFOR,4,4,WORKING-MATERNITY OR FAMILY LEAVE,1,40,33,33,1E-12,,0,,0,N,N,N,,,,,
LABORFOR,5,5,NOT WORKING BUT LOOKING FOR WORK,1,40,33,33,1E-12,,0,,0,N,N,N,,,,,
LABORFOR,6,6,SCHOOL,1,40,33,33,1E-12,,0,,0,N,N,N,,,,,
LABORFOR,7,7,KEEPING HOUSE,1,40,33,33,1E-12,,0,,0,N,N,N,,,,,
LABORFOR,8,8,CARING FOR FAMILY,1,40,33,33,1E-12,,0,,0,N,N,N,,,,,
LABORFOR,9,9,OTHER,1,40,33,33,1E-12,,0,,0,N,N,N,,,,,
LBWF,1,1,"YES, LOW BIRTH WEIGHT",1,40,24,24,1E-12,,0,,0,N,N,N,,,,,
LBWF,2,2,"NO, NOT LOW BIRTH WEIGHT",1,40,24,24,1E-12,,0,,0,N,N,N,,,,,
LEARNPRG,1,1,13 WEEKS OR EARLIER,1,40,19,19,1E-12,,0,,0,N,N,N,,,,,
LEARNPRG,2,2,14 WEEKS OR LATER,1,40,19,19,1E-12,,0,,0,N,N,N,,,,,
MAINOUSE,1,1,You did not expect to have sex,1,68,68,68,1E-12,,0,,0,N,N,N,,,,,
MAINOUSE,2,2,You did not think you could get pregnant,1,68,68,68,1E-12,,0,,0,N,N,N,,,,,
MAINOUSE,3,3,You didn't really mind if you got pregnant,1,68,68,68,1E-12,,0,,0,N,N,N,,,,,
MAINOUSE,4,4,You were worried about the side effects of birth control,1,68,68,68,1E-12,,0,,0,N,N,N,,,,,
MAINOUSE,5,5,Your male partner did not want you to use a birth control method,1,68,68,68,1E-12,,0,,0,N,N,N,,,,,
MAINOUSE,6,6,Your male partner himself did not want to use a birth control method,1,68,68,68,1E-12,,0,,0,N,N,N,,,,,
MAINOUSE,8,8,You could not get a method,1,68,68,68,1E-12,,0,,0,N,N,N,,,,,
MAINOUSE,9,9,"You were not taking, or using, your method consistently",1,68,68,68,1E-12,,0,,0,N,N,N,,,,,
MAINOUSE,98,98,Refused,1,68,68,68,1E-12,,0,,0,N,N,N,,,,,
MAINOUSE,99,99,Don't know,1,68,68,68,1E-12,,0,,0,N,N,N,,,,,
MARN1FMT,1,1,MARRIED,1,40,13,13,1E-12,,0,,0,N,N,N,,,,,
MARN1FMT,2,2,DIVORCED,1,40,13,13,1E-12,,0,,0,N,N,N,,,,,
MARN1FMT,3,3,WIDOWED,1,40,13,13,1E-12,,0,,0,N,N,N,,,,,
MARN1FMT,4,4,SEPARATED,1,40,13,13,1E-12,,0,,0,N,N,N,,,,,
MARN1FMT,5,5,NEVER MARRIED,1,40,13,13,1E-12,,0,,0,N,N,N,,,,,
MDNUTRIT,1,1,Offering foods with many different tastes and textures,1,87,87,87,1E-12,,0,,0,N,N,N,,,,,
MDNUTRIT,2,2,"Not forcing child to finish food or bottles, even if not interested or didn't have much",1,87,87,87,1E-12,,0,,0,N,N,N,,,,,
MDNUTRIT,3,3,Offering a variety of fruits and vegetables,1,87,87,87,1E-12,,0,,0,N,N,N,,,,,
MDNUTRIT,4,4,"Limiting foods and drinks with added sugar (such as candy, cookies, soda, juice)",1,87,87,87,1E-12,,0,,0,N,N,N,,,,,
MDNUTRIT,5,5,Limiting eating meals in front of tv or other electronic devices,1,87,87,87,1E-12,,0,,0,N,N,N,,,,,
MDNUTRIT,6,6,None of the above topics,1,87,87,87,1E-12,,0,,0,N,N,N,,,,,
MDNUTRIT,8,8,Refused,1,87,87,87,1E-12,,0,,0,N,N,N,,,,,
MDNUTRIT,9,9,Don't know,1,87,87,87,1E-12,,0,,0,N,N,N,,,,,
METRO,1,1,PRINCIPAL CITY OF MSA,1,40,21,21,1E-12,,0,,0,N,N,N,,,,,
METRO,2,2,OTHER MSA,1,40,21,21,1E-12,,0,,0,N,N,N,,,,,
METRO,3,3,NOT MSA,1,40,21,21,1E-12,,0,,0,N,N,N,,,,,
MONYRF,1,1,Months,1,40,10,10,1E-12,,0,,0,N,N,N,,,,,
MONYRF,2,2,Years,1,40,10,10,1E-12,,0,,0,N,N,N,,,,,
MONYRF,8,8,Refused,1,40,10,10,1E-12,,0,,0,N,N,N,,,,,
MONYRF,9,9,Don't know,1,40,10,10,1E-12,,0,,0,N,N,N,,,,,
MOSPRGF,98,98,Refused,1,40,10,10,1E-12,,0,,0,N,N,N,,,,,
MOSPRGF,99,99,Don't know,1,40,10,10,1E-12,,0,,0,N,N,N,,,,,
NBRNLV_S,1,1,1 BABY,1,40,10,10,1E-12,,0,,0,N,N,N,,,,,
NBRNLV_S,2,2,2 BABIES,1,40,10,10,1E-12,,0,,0,N,N,N,,,,,
NBRNLV_S,3,3,3 BABIES,1,40,10,10,1E-12,,0,,0,N,N,N,,,,,
NBRNLV_S,8,8,Refused,1,40,10,10,1E-12,,0,,0,N,N,N,,,,,
NBRNLV_S,9,9,Don't know,1,40,10,10,1E-12,,0,,0,N,N,N,,,,,
NEWWANTR,1,1,"Later, overdue",1,40,30,30,1E-12,,0,,0,N,N,N,,,,,
NEWWANTR,2,2,Right time,1,40,30,30,1E-12,,0,,0,N,N,N,,,,,
NEWWANTR,3,3,Too soon: by less than 2 years,1,40,30,30,1E-12,,0,,0,N,N,N,,,,,
NEWWANTR,4,4,Too soon: by 2 years or more,1,40,30,30,1E-12,,0,,0,N,N,N,,,,,
NEWWANTR,5,5,"Didn't care, indifferent",1,40,30,30,1E-12,,0,,0,N,N,N,,,,,
NEWWANTR,6,6,Unwanted,1,40,30,30,1E-12,,0,,0,N,N,N,,,,,
NEWWANTR,7,7,"Don't know, not sure",1,40,30,30,1E-12,,0,,0,N,N,N,,,,,
NPOSTSMK,1,1,About one cigarette a day or less,1,40,36,36,1E-12,,0,,0,N,N,N,,,,,
NPOSTSMK,2,2,Just a few cigarettes a day (2-4),1,40,36,36,1E-12,,0,,0,N,N,N,,,,,
NPOSTSMK,3,3,About half a pack a day (5-14),1,40,36,36,1E-12,,0,,0,N,N,N,,,,,
NPOSTSMK,4,4,About a pack a day (15-24),1,40,36,36,1E-12,,0,,0,N,N,N,,,,,
NPOSTSMK,5,5,About 1 1/2 packs a day (25-34),1,40,36,36,1E-12,,0,,0,N,N,N,,,,,
NPOSTSMK,6,6,About 2 packs a day (35-44),1,40,36,36,1E-12,,0,,0,N,N,N,,,,,
NPOSTSMK,7,7,More than 2 packs a day (45 or more),1,40,36,36,1E-12,,0,,0,N,N,N,,,,,
NPOSTSMK,8,8,Refused,1,40,36,36,1E-12,,0,,0,N,N,N,,,,,
NPOSTSMK,9,9,Don't know,1,40,36,36,1E-12,,0,,0,N,N,N,,,,,
OLDWANTP,1,1,"LATER, OVERDUE",1,40,24,24,1E-12,,0,,0,N,N,N,,,,,
OLDWANTP,2,2,RIGHT TIME,1,40,24,24,1E-12,,0,,0,N,N,N,,,,,
OLDWANTP,3,3,"TOO SOON, MISTIMED",1,40,24,24,1E-12,,0,,0,N,N,N,,,,,
OLDWANTP,4,4,"DIDN'T CARE, INDIFFERENT",1,40,24,24,1E-12,,0,,0,N,N,N,,,,,
OLDWANTP,5,5,UNWANTED,1,40,24,24,1E-12,,0,,0,N,N,N,,,,,
OLDWANTP,6,6,"DON'T KNOW, NOT SURE",1,40,24,24,1E-12,,0,,0,N,N,N,,,,,
OUTCOME,1,1,LIVE BIRTH,1,40,17,17,1E-12,,0,,0,N,N,N,,,,,
OUTCOME,2,2,INDUCED ABORTION,1,40,17,17,1E-12,,0,,0,N,N,N,,,,,
OUTCOME,3,3,STILLBIRTH,1,40,17,17,1E-12,,0,,0,N,N,N,,,,,
OUTCOME,4,4,MISCARRIAGE,1,40,17,17,1E-12,,0,,0,N,N,N,,,,,
OUTCOME,5,5,ECTOPIC PREGNANCY,1,40,17,17,1E-12,,0,,0,N,N,N,,,,,
OUTCOME,6,6,CURRENT PREGNANCY,1,40,17,17,1E-12,,0,,0,N,N,N,,,,,
PARITY,0,0,0 BABIES,1,40,8,8,1E-12,,0,,0,N,N,N,,,,,
PARITY,1,1,1 BABY,1,40,8,8,1E-12,,0,,0,N,N,N,,,,,
PARITY,2,2,2 BABIES,1,40,8,8,1E-12,,0,,0,N,N,N,,,,,
PARITY,3,3,3 BABIES,1,40,8,8,1E-12,,0,,0,N,N,N,,,,,
PARITY,4,4,4 BABIES,1,40,8,8,1E-12,,0,,0,N,N,N,,,,,
PAYBIRTHF,1,1,Insurance,1,40,35,35,1E-12,,0,,0,N,N,N,,,,,
PAYBIRTHF,2,2,Co-payment or out-of-pocket payment,1,40,35,35,1E-12,,0,,0,N,N,N,,,,,
PAYBIRTHF,3,3,Medicaid,1,40,35,35,1E-12,,0,,0,N,N,N,,,,,
PAYBIRTHF,4,4,No payment required,1,40,35,35,1E-12,,0,,0,N,N,N,,,,,
PAYBIRTHF,5,5,Some other way,1,40,35,35,1E-12,,0,,0,N,N,N,,,,,
PAYBIRTHF,8,8,Refused,1,40,35,35,1E-12,,0,,0,N,N,N,,,,,
PAYBIRTHF,9,9,Don't know,1,40,35,35,1E-12,,0,,0,N,N,N,,,,,
PAYDELIV,1,1,OWN INCOME ONLY,1,41,41,41,1E-12,,0,,0,N,N,N,,,,,
PAYDELIV,2,2,INSURANCE ONLY,1,41,41,41,1E-12,,0,,0,N,N,N,,,,,
PAYDELIV,3,3,OWN INCOME & INSURANCE ONLY,1,41,41,41,1E-12,,0,,0,N,N,N,,,,,
PAYDELIV,4,4,MEDICAID/GOVT ASSISTANCE MENTIONED AT ALL,1,41,41,41,1E-12,,0,,0,N,N,N,,,,,
PAYDELIV,5,5,ALL OTHER COMBINATIONS OF PAYMENT METHODS,1,41,41,41,1E-12,,0,,0,N,N,N,,,,,
PHASE,1,1,First 10 weeks of quarter,1,40,39,39,1E-12,,0,,0,N,N,N,,,,,
PHASE,2,2,Last 2 weeks of quarter (double sample),1,40,39,39,1E-12,,0,,0,N,N,N,,,,,
PMARPREG,1,1,YES,1,40,3,3,1E-12,,0,,0,N,N,N,,,,,
PMARPREG,2,2,No,1,40,3,3,1E-12,,0,,0,N,N,N,,,,,
PNCAREWK,1,1,13 WEEKS OR EARLIER,1,40,35,35,1E-12,,0,,0,N,N,N,,,,,
PNCAREWK,2,2,14 WEEKS OR LATER,1,40,35,35,1E-12,,0,,0,N,N,N,,,,,
PNCAREWK,3,3,NO PRENATAL CARE FOR THIS PREGNANCY,1,40,35,35,1E-12,,0,,0,N,N,N,,,,,
POVERTY,50,50,50 PERCENT OF POVERTY LEVEL,1,40,39,39,1E-12,,0,,0,N,N,N,,,,,
POVERTY,700,700,700 PERCENT OF POVERTY LEVEL OR GREATER,1,40,39,39,1E-12,,0,,0,N,N,N,,,,,
PREGENDF,1,1,Miscarriage,1,40,30,30,1E-12,,0,,0,N,N,N,,,,,
PREGENDF,2,2,Stillbirth,1,40,30,30,1E-12,,0,,0,N,N,N,,,,,
PREGENDF,3,3,Abortion,1,40,30,30,1E-12,,0,,0,N,N,N,,,,,
PREGENDF,4,4,Ectopic or tubal pregnancy,1,40,30,30,1E-12,,0,,0,N,N,N,,,,,
PREGENDF,5,5,Live birth by Cesarean section,1,40,30,30,1E-12,,0,,0,N,N,N,,,,,
PREGENDF,6,6,Live birth by vaginal delivery,1,40,30,30,1E-12,,0,,0,N,N,N,,,,,
PREGENDF,8,8,Refused,1,40,30,30,1E-12,,0,,0,N,N,N,,,,,
PREGENDF,9,9,Don't know,1,40,30,30,1E-12,,0,,0,N,N,N,,,,,
PREGNUMF,0,0,NONE,1,40,13,13,1E-12,,0,,0,N,N,N,,,,,
PREGNUMF,1,1,1 PREGNANCY,1,40,13,13,1E-12,,0,,0,N,N,N,,,,,
PREGNUMF,2,2,2 PREGNANCIES,1,40,13,13,1E-12,,0,,0,N,N,N,,,,,
PREGNUMF,3,3,3 PREGNANCIES,1,40,13,13,1E-12,,0,,0,N,N,N,,,,,
PREGNUMF,4,4,4 PREGNANCIES,1,40,13,13,1E-12,,0,,0,N,N,N,,,,,
PREGNUMF,5,5,5 PREGNANCIES,1,40,13,13,1E-12,,0,,0,N,N,N,,,,,
PREGNUMF,6,6,6 PREGNANCIES,1,40,13,13,1E-12,,0,,0,N,N,N,,,,,
PREGORDR,1,1,1ST PREGNANCY,1,40,14,14,1E-12,,0,,0,N,N,N,,,,,
PREGORDR,2,2,2ND PREGNANCY,1,40,14,14,1E-12,,0,,0,N,N,N,,,,,
PREGORDR,3,3,3RD PREGNANCY,1,40,14,14,1E-12,,0,,0,N,N,N,,,,,
PREGORDR,4,4,4TH PREGNANCY,1,40,14,14,1E-12,,0,,0,N,N,N,,,,,
PREGORDR,5,5,5TH PREGNANCY,1,40,14,14,1E-12,,0,,0,N,N,N,,,,,
PREGORDR,6,6,6TH PREGNANCY,1,40,14,14,1E-12,,0,,0,N,N,N,,,,,
PREGORDR,7,7,7TH PREGNANCY,1,40,14,14,1E-12,,0,,0,N,N,N,,,,,
PREGORDR,8,8,8TH PREGNANCY,1,40,14,14,1E-12,,0,,0,N,N,N,,,,,
PREGORDR,9,9,9TH PREGNANCY,1,40,14,14,1E-12,,0,,0,N,N,N,,,,,
PREGORDR,10,10,10TH PREGNANCY,1,40,14,14,1E-12,,0,,0,N,N,N,,,,,
PREGORDR,11,11,11TH PREGNANCY,1,40,14,14,1E-12,,0,,0,N,N,N,,,,,
PREGORDR,12,12,12TH PREGNANCY,1,40,14,14,1E-12,,0,,0,N,N,N,,,,,
PREGORDR,13,13,13TH PREGNANCY,1,40,14,14,1E-12,,0,,0,N,N,N,,,,,
PREGORDR,14,14,14TH PREGNANCY,1,40,14,14,1E-12,,0,,0,N,N,N,,,,,
PREGORDR,15,15,15TH PREGNANCY,1,40,14,14,1E-12,,0,,0,N,N,N,,,,,
PREGORDR,16,16,16TH PREGNANCY,1,40,14,14,1E-12,,0,,0,N,N,N,,,,,
PREGORDR,17,17,17TH PREGNANCY,1,40,14,14,1E-12,,0,,0,N,N,N,,,,,
PREGORDR,18,18,18TH PREGNANCY,1,40,14,14,1E-12,,0,,0,N,N,N,,,,,
PREGORDR,19,19,19TH PREGNANCY,1,40,14,14,1E-12,,0,,0,N,N,N,,,,,
PREGORDR,20,20,20TH PREGNANCY,1,40,14,14,1E-12,,0,,0,N,N,N,,,,,
PRIORSMK,0,0,None,1,40,36,36,1E-12,,0,,0,N,N,N,,,,,
PRIORSMK,1,1,About one cigarette a day or less,1,40,36,36,1E-12,,0,,0,N,N,N,,,,,
PRIORSMK,2,2,Just a few cigarettes a day (2-4),1,40,36,36,1E-12,,0,,0,N,N,N,,,,,
PRIORSMK,3,3,About half a pack a day (5-14),1,40,36,36,1E-12,,0,,0,N,N,N,,,,,
PRIORSMK,4,4,About a pack a day (15-24),1,40,36,36,1E-12,,0,,0,N,N,N,,,,,
PRIORSMK,5,5,About 1 1/2 packs a day (25-34),1,40,36,36,1E-12,,0,,0,N,N,N,,,,,
PRIORSMK,6,6,About 2 packs a day (35-44),1,40,36,36,1E-12,,0,,0,N,N,N,,,,,
PRIORSMK,7,7,More than 2 packs a day (45 or more),1,40,36,36,1E-12,,0,,0,N,N,N,,,,,
PRIORSMK,8,8,Refused,1,40,36,36,1E-12,,0,,0,N,N,N,,,,,
PRIORSMK,9,9,Don't know,1,40,36,36,1E-12,,0,,0,N,N,N,,,,,
PROBBABE,1,1,Probably yes,1,40,12,12,1E-12,,0,,0,N,N,N,,,,,
PROBBABE,5,5,Probably not,1,40,12,12,1E-12,,0,,0,N,N,N,,,,,
PROBBABE,6,6,Didn't care,1,40,12,12,1E-12,,0,,0,N,N,N,,,,,
PROBBABE,8,8,Refused,1,40,12,12,1E-12,,0,,0,N,N,N,,,,,
PROBBABE,9,9,Don't know,1,40,12,12,1E-12,,0,,0,N,N,N,,,,,
PUBASSIS,1,1,YES (RECEIVED PUBLIC ASSISTANCE IN [INTERVIEW YEAR -1]),1,61,61,61,1E-12,,0,,0,N,N,N,,,,,
PUBASSIS,2,2,NO (DID NOT RECEIVE PUBLIC ASSISTANCE IN [INTERVIEW YEAR -1]),1,61,61,61,1E-12,,0,,0,N,N,N,,,,,
RACE,1,1,BLACK,1,40,5,5,1E-12,,0,,0,N,N,N,,,,,
RACE,2,2,WHITE,1,40,5,5,1E-12,,0,,0,N,N,N,,,,,
RACE,3,3,OTHER,1,40,5,5,1E-12,,0,,0,N,N,N,,,,,
RCURPREG,1,1,YES (CURRENTLY PREGNANT),1,40,27,27,1E-12,,0,,0,N,N,N,,,,,
RCURPREG,2,2,NO (NOT CURRENTLY PREGNANT),1,40,27,27,1E-12,,0,,0,N,N,N,,,,,
RELIGION,1,1,NO RELIGION,1,40,15,15,1E-12,,0,,0,N,N,N,,,,,
RELIGION,2,2,CATHOLIC,1,40,15,15,1E-12,,0,,0,N,N,N,,,,,
RELIGION,3,3,PROTESTANT,1,40,15,15,1E-12,,0,,0,N,N,N,,,,,
RELIGION,4,4,OTHER RELIGIONS,1,40,15,15,1E-12,,0,,0,N,N,N,,,,,
RMAR6FMT,1,1,MARRIED,1,40,29,29,1E-12,,0,,0,N,N,N,,,,,
RMAR6FMT,2,2,DIVORCED,1,40,29,29,1E-12,,0,,0,N,N,N,,,,,
RMAR6FMT,3,3,WIDOWED,1,40,29,29,1E-12,,0,,0,N,N,N,,,,,
RMAR6FMT,4,4,SEPARATED,1,40,29,29,1E-12,,0,,0,N,N,N,,,,,
RMAR6FMT,5,5,COHABITING,1,40,29,29,1E-12,,0,,0,N,N,N,,,,,
RMAR6FMT,6,6,"NEVER MARRIED, NOT COHABITING",1,40,29,29,1E-12,,0,,0,N,N,N,,,,,
RMARITAL,1,1,CURRENTLY MARRIED,1,43,43,43,1E-12,,0,,0,N,N,N,,,,,
RMARITAL,2,2,NOT MARRIED BUT LIVING WITH OPP SEX PARTNER,1,43,43,43,1E-12,,0,,0,N,N,N,,,,,
RMARITAL,3,3,WIDOWED,1,43,43,43,1E-12,,0,,0,N,N,N,,,,,
RMARITAL,4,4,DIVORCED,1,43,43,43,1E-12,,0,,0,N,N,N,,,,,
RMARITAL,5,5,SEPARATED FOR REASONS OF MARITAL DISCORD,1,43,43,43,1E-12,,0,,0,N,N,N,,,,,
RMARITAL,6,6,NEVER BEEN MARRIED,1,43,43,43,1E-12,,0,,0,N,N,N,,,,,
SCALEF,0,0,0,1,40,10,10,1E-12,,0,,0,N,N,N,,,,,
SCALEF,1,1,1,1,40,10,10,1E-12,,0,,0,N,N,N,,,,,
SCALEF,2,2,2,1,40,10,10,1E-12,,0,,0,N,N,N,,,,,
SCALEF,3,3,3,1,40,10,10,1E-12,,0,,0,N,N,N,,,,,
SCALEF,4,4,4,1,40,10,10,1E-12,,0,,0,N,N,N,,,,,
SCALEF,5,5,5,1,40,10,10,1E-12,,0,,0,N,N,N,,,,,
SCALEF,6,6,6,1,40,10,10,1E-12,,0,,0,N,N,N,,,,,
SCALEF,7,7,7,1,40,10,10,1E-12,,0,,0,N,N,N,,,,,
SCALEF,8,8,8,1,40,10,10,1E-12,,0,,0,N,N,N,,,,,
SCALEF,9,9,9,1,40,10,10,1E-12,,0,,0,N,N,N,,,,,
SCALEF,10,10,10,1,40,10,10,1E-12,,0,,0,N,N,N,,,,,
SCALEF,98,98,Refused,1,40,10,10,1E-12,,0,,0,N,N,N,,,,,
SCALEF,99,99,Don't know,1,40,10,10,1E-12,,0,,0,N,N,N,,,,,
SECU,1,1,1,1,40,1,1,1E-12,,0,,0,N,N,N,,,,,
SECU,2,2,2,1,40,1,1,1E-12,,0,,0,N,N,N,,,,,
SECU,3,3,3,1,40,1,1,1E-12,,0,,0,N,N,N,,,,,
SECU,4,4,4,1,40,1,1,1E-12,,0,,0,N,N,N,,,,,
SOONNVF,998,998,Refused,1,40,10,10,1E-12,,0,,0,N,N,N,,,,,
SOONNVF,999,999,Don't know,1,40,10,10,1E-12,,0,,0,N,N,N,,,,,
TIMINGF,1,1,Sooner,1,40,11,11,1E-12,,0,,0,N,N,N,,,,,
TIMINGF,2,2,Right time,1,40,11,11,1E-12,,0,,0,N,N,N,,,,,
TIMINGF,3,3,Later,1,40,11,11,1E-12,,0,,0,N,N,N,,,,,
TIMINGF,4,4,Didn't care,1,40,11,11,1E-12,,0,,0,N,N,N,,,,,
TIMINGF,8,8,Refused,1,40,11,11,1E-12,,0,,0,N,N,N,,,,,
TIMINGF,9,9,Don't know,1,40,11,11,1E-12,,0,,0,N,N,N,,,,,
TOOSOON,998,998,Refused,1,40,10,10,1E-12,,0,,0,N,N,N,,,,,
TOOSOON,999,999,Don't know,1,40,10,10,1E-12,,0,,0,N,N,N,,,,,
TOOSOONN,998,998,Refused,1,40,10,10,1E-12,,0,,0,N,N,N,,,,,
TOOSOONN,999,999,Don't know,1,40,10,10,1E-12,,0,,0,N,N,N,,,,,
TOOSOONP,1,1,Months,1,40,10,10,1E-12,,0,,0,N,N,N,,,,,
TOOSOONP,2,2,Years,1,40,10,10,1E-12,,0,,0,N,N,N,,,,,
TOOSOONP,8,8,Refused,1,40,10,10,1E-12,,0,,0,N,N,N,,,,,
TOOSOONP,9,9,Don't know,1,40,10,10,1E-12,,0,,0,N,N,N,,,,,
WANTBLD2F,1,1,Yes,1,40,20,20,1E-12,,0,,0,N,N,N,,,,,
WANTBLD2F,5,5,No,1,40,20,20,1E-12,,0,,0,N,N,N,,,,,
WANTBLD2F,6,6,"Not sure, Don't know",1,40,20,20,1E-12,,0,,0,N,N,N,,,,,
WANTBLD2F,7,7,Didn't care,1,40,20,20,1E-12,,0,,0,N,N,N,,,,,
WANTBLD2F,8,8,Refused,1,40,20,20,1E-12,,0,,0,N,N,N,,,,,
WANTBLD2F,9,9,Don't know,1,40,20,20,1E-12,,0,,0,N,N,N,,,,,
WANTBOLD,1,1,Yes,1,40,20,20,1E-12,,0,,0,N,N,N,,,,,
WANTBOLD,5,5,No,1,40,20,20,1E-12,,0,,0,N,N,N,,,,,
WANTBOLD,6,6,"Not sure, Don't know",1,40,20,20,1E-12,,0,,0,N,N,N,,,,,
WANTBOLD,8,8,Refused,1,40,20,20,1E-12,,0,,0,N,N,N,,,,,
WANTBOLD,9,9,Don't know,1,40,20,20,1E-12,,0,,0,N,N,N,,,,,
WHENTELL,1,1,During the pregnancy,1,41,41,41,1E-12,,0,,0,N,N,N,,,,,
WHENTELL,2,2,After the [pregnancy ended/baby was born],1,41,41,41,1E-12,,0,,0,N,N,N,,,,,
WHENTELL,8,8,Refused,1,41,41,41,1E-12,,0,,0,N,N,N,,,,,
WHENTELL,9,9,Don't know,1,41,41,41,1E-12,,0,,0,N,N,N,,,,,
WHNSOLID,1,1,Before 4 months of age,1,40,24,24,1E-12,,0,,0,N,N,N,,,,,
WHNSOLID,2,2,4 to 5 months of age,1,40,24,24,1E-12,,0,,0,N,N,N,,,,,
WHNSOLID,3,3,6 months of age or older,1,40,24,24,1E-12,,0,,0,N,N,N,,,,,
WHNSOLID,8,8,Refused,1,40,24,24,1E-12,,0,,0,N,N,N,,,,,
WHNSOLID,9,9,Don't know,1,40,24,24,1E-12,,0,,0,N,N,N,,,,,
WHYNOPGF,1,1,Diagnosis of repro problems/condition,1,61,61,61,1E-12,,0,,0,N,N,N,,,,,
WHYNOPGF,2,2,Prior preg or attempt: problems with or treatments/ART needed,1,61,61,61,1E-12,,0,,0,N,N,N,,,,,
WHYNOPGF,3,3,"Prior unprotected sex, no preg",1,61,61,61,1E-12,,0,,0,N,N,N,,,,,
WHYNOPGF,4,4,Just didn't think would get preg/misunderstood risk,1,61,61,61,1E-12,,0,,0,N,N,N,,,,,
WHYNOPGF,5,5,Just didn't think could get preg,1,61,61,61,1E-12,,0,,0,N,N,N,,,,,
WHYNOPGF,6,6,Don't know why/didn't think about it/naive/mistake,1,61,61,61,1E-12,,0,,0,N,N,N,,,,,
WHYNOPGF,7,7,Thought method was still working (still in her system),1,61,61,61,1E-12,,0,,0,N,N,N,,,,,
WHYNOPGF,8,8,Prior/recent miscarriage(s) or ectopic pregnancy,1,61,61,61,1E-12,,0,,0,N,N,N,,,,,
WHYNOPGF,9,9,Menstrual cycle problems/irregularity,1,61,61,61,1E-12,,0,,0,N,N,N,,,,,
WHYNOPGF,10,10,Had recent birth,1,61,61,61,1E-12,,0,,0,N,N,N,,,,,
WHYNOPGF,11,11,Perceive infertile or difficult getting preg/carrying to term,1,61,61,61,1E-12,,0,,0,N,N,N,,,,,
WHYNOPGF,12,12,Lack of education/knowledge,1,61,61,61,1E-12,,0,,0,N,N,N,,,,,
WHYNOPGF,13,13,Endometriosis,1,61,61,61,1E-12,,0,,0,N,N,N,,,,,
WHYNOPGF,14,14,Age (too old),1,61,61,61,1E-12,,0,,0,N,N,N,,,,,
WHYNOPGF,15,15,Breastfeeding,1,61,61,61,1E-12,,0,,0,N,N,N,,,,,
WHYNOPGF,16,16,Believed partner subfecund/infertile/sterile,1,61,61,61,1E-12,,0,,0,N,N,N,,,,,
WHYNOPGF,17,17,Withdrawal failed,1,61,61,61,1E-12,,0,,0,N,N,N,,,,,
WHYNOPGF,18,18,Thought it was safe period in cycle,1,61,61,61,1E-12,,0,,0,N,N,N,,,,,
WHYNOPGF,19,19,"Method failure (pill, condom, tubal, IUD, Depo-Provera)",1,61,61,61,1E-12,,0,,0,N,N,N,,,,,
WHYNOPGF,20,20,Other,1,61,61,61,1E-12,,0,,0,N,N,N,,,,,
WHYNOPGF,97,97,Not ascertained,1,61,61,61,1E-12,,0,,0,N,N,N,,,,,
WHYNOPGF,98,98,Refused,1,61,61,61,1E-12,,0,,0,N,N,N,,,,,
WHYNOPGF,99,99,Don't know,1,61,61,61,1E-12,,0,,0,N,N,N,,,,,
WHYNOUSEF,1,1,You did not expect to have sex,1,68,68,68,1E-12,,0,,0,N,N,N,,,,,
WHYNOUSEF,2,2,You did not think you could get pregnant,1,68,68,68,1E-12,,0,,0,N,N,N,,,,,
WHYNOUSEF,3,3,You didn't really mind if you got pregnant,1,68,68,68,1E-12,,0,,0,N,N,N,,,,,
WHYNOUSEF,4,4,You were worried about the side effects of birth control,1,68,68,68,1E-12,,0,,0,N,N,N,,,,,
WHYNOUSEF,5,5,Your male partner did not want you to use a birth control method,1,68,68,68,1E-12,,0,,0,N,N,N,,,,,
WHYNOUSEF,6,6,Your male partner himself did not want to use a birth control method,1,68,68,68,1E-12,,0,,0,N,N,N,,,,,
WHYNOUSEF,7,7,(IF VOLUNTEERED:)Respondent was using a method,1,68,68,68,1E-12,,0,,0,N,N,N,,,,,
WHYNOUSEF,8,8,You could not get a method,1,68,68,68,1E-12,,0,,0,N,N,N,,,,,
WHYNOUSEF,9,9,"You were not taking, or using, your method consistently",1,68,68,68,1E-12,,0,,0,N,N,N,,,,,
WHYNOUSEF,98,98,Refused,1,68,68,68,1E-12,,0,,0,N,N,N,,,,,
WHYNOUSEF,99,99,Don't know,1,68,68,68,1E-12,,0,,0,N,N,N,,,,,
WHYPRGF,1,1,Your birth control method failed,1,50,50,50,1E-12,,0,,0,N,N,N,,,,,
WHYPRGF,2,2,You did not use your birth control method properly,1,50,50,50,1E-12,,0,,0,N,N,N,,,,,
WHYPRGF,3,3,Respondent wasn't using a method,1,50,50,50,1E-12,,0,,0,N,N,N,,,,,
WHYPRGF,8,8,Refused,1,50,50,50,1E-12,,0,,0,N,N,N,,,,,
WHYPRGF,9,9,Don't know,1,50,50,50,1E-12,,0,,0,N,N,N,,,,,
WNTBLDNAF,1,1,Yes,1,40,20,20,1E-12,,0,,0,N,N,N,,,,,
WNTBLDNAF,5,5,No,1,40,20,20,1E-12,,0,,0,N,N,N,,,,,
WNTBLDNAF,6,6,"Not sure, Don't know",1,40,20,20,1E-12,,0,,0,N,N,N,,,,,
WNTBLDNAF,7,7,Not ascertained,1,40,20,20,1E-12,,0,,0,N,N,N,,,,,
WNTBLDNAF,8,8,Refused,1,40,20,20,1E-12,,0,,0,N,N,N,,,,,
WNTBLDNAF,9,9,Don't know,1,40,20,20,1E-12,,0,,0,N,N,N,,,,,
WTHPARTF,1,1,Definitely yes,1,40,14,14,1E-12,,0,,0,N,N,N,,,,,
WTHPARTF,2,2,Probably yes,1,40,14,14,1E-12,,0,,0,N,N,N,,,,,
WTHPARTF,3,3,Probably no,1,40,14,14,1E-12,,0,,0,N,N,N,,,,,
WTHPARTF,4,4,Definitely no,1,40,14,14,1E-12,,0,,0,N,N,N,,,,,
WTHPARTF,8,8,Refused,1,40,14,14,1E-12,,0,,0,N,N,N,,,,,
WTHPARTF,9,9,Don't know,1,40,14,14,1E-12,,0,,0,N,N,N,,,,,
Y1N51D,1,1,Yes,1,40,10,10,1E-12,,0,,0,N,N,N,,,,,
Y1N51D,5,5,No,1,40,10,10,1E-12,,0,,0,N,N,N,,,,,
Y1N51D,8,8,Refused,1,40,10,10,1E-12,,0,,0,N,N,N,,,,,
Y1N51D,9,9,Don't know,1,40,10,10,1E-12,,0,,0,N,N,N,,,,,
Y1N5C,1,1,YES,1,40,10,10,1E-12,,0,,0,N,N,N,,,,,
Y1N5C,5,5,NO,1,40,10,10,1E-12,,0,,0,N,N,N,,,,,
Y1N5C,9,9,DON'T KNOW,1,40,10,10,1E-12,,0,,0,N,N,N,,,,,
Y1N5NRD,1,1,Yes,1,40,15,15,1E-12,,0,,0,N,N,N,,,,,
Y1N5NRD,5,5,No,1,40,15,15,1E-12,,0,,0,N,N,N,,,,,
Y1N5NRD,7,7,Not ascertained,1,40,15,15,1E-12,,0,,0,N,N,N,,,,,
Y1N5NRD,8,8,Refused,1,40,15,15,1E-12,,0,,0,N,N,N,,,,,
Y1N5NRD,9,9,Don't know,1,40,15,15,1E-12,,0,,0,N,N,N,,,,,
YEARFMT,9997,9997,Not ascertained,1,40,15,15,1E-12,,0,,0,N,N,N,,,,,
YEARFMT,9998,9998,Refused,1,40,15,15,1E-12,,0,,0,N,N,N,,,,,
YEARFMT,9999,9999,Don't know,1,40,15,15,1E-12,,0,,0,N,N,N,,,,,
YESNO12F,1,1,Yes,1,40,3,3,1E-12,,0,,0,N,N,N,,,,,
YESNO12F,2,2,No,1,40,3,3,1E-12,,0,,0,N,N,N,,,,,
YRSTRUS,1,1,1968-1989,1,40,10,10,1E-12,,0,,0,N,N,N,,,,,
YRSTRUS,2,2,1990-1999,1,40,10,10,1E-12,,0,,0,N,N,N,,,,,
YRSTRUS,3,3,2000-2009,1,40,10,10,1E-12,,0,,0,N,N,N,,,,,
YRSTRUS,4,4,2010-2019,1,40,10,10,1E-12,,0,,0,N,N,N,,,,,
YRSTRUS,98,98,Refused,1,40,10,10,1E-12,,0,,0,N,N,N,,,,,
YRSTRUS,99,99,Don't know,1,40,10,10,1E-12,,0,,0,N,N,N,,,,,
